tiles,bl,lr,time
1,31,0.5,1834467.3199999998
1,31,0.1,3114873.9999999995
1,31,0.05,3572162.0999999996
